Paweł,Nowak1,s459,2000-02-12,1@pjwstk.edu.pl,Alina,Adam,Tutorial_2.Models.Studies
Paweł,Nowak1,s459,2000-02-12,1@pjwstk.edu.pl,Alina,Adam,Tutorial_2.Models.Studies
Paweł,Nowak1,s459,2000-02-12,1@pjwstk.edu.pl,Alina,Adam,Tutorial_2.Models.Studies
Kaja,Jankowski29,s4816,2000-02-12,29@pjwstk.edu.pl,Alina,Adam,Tutorial_2.Models.Studies
Justyna,Kowalski30,s4749,2000-02-12,30@pjwstk.edu.pl,Alina,Adam,Tutorial_2.Models.Studies
Justyna,Kowalski30,s4749,2000-02-12,30@pjwstk.edu.pl,Alina,Adam,Tutorial_2.Models.Studies
Michał,Nowak31,s4432,2000-02-12,31@pjwstk.edu.pl,Alina,Adam,Tutorial_2.Models.Studies
Michał,Nowak31,s4432,2000-02-12,31@pjwstk.edu.pl,Alina,Adam,Tutorial_2.Models.Studies
Kamil,Brzęczyszczykiewicz32,s4757,2000-02-12,32@pjwstk.edu.pl,Alina,Adam,Tutorial_2.Models.Studies
Marta,Maciejewski33,s4655,2000-02-12,33@pjwstk.edu.pl,Alina,Adam,Tutorial_2.Models.Studies
Szymon,Jankowski34,s4398,2000-02-12,34@pjwstk.edu.pl,Alina,Adam,Tutorial_2.Models.Studies
Joanna,Brzęczyszczykiewicz37,s4799,2000-02-12,37@pjwstk.edu.pl,Alina,Adam,Tutorial_2.Models.Studies
Joanna,Brzęczyszczykiewicz37,s4799,2000-02-12,37@pjwstk.edu.pl,Alina,Adam,Tutorial_2.Models.Studies
Irena,Maciejewski38,s4626,2000-02-12,38@pjwstk.edu.pl,Alina,Adam,Tutorial_2.Models.Studies
Irena,Maciejewski38,s4626,2000-02-12,38@pjwstk.edu.pl,Alina,Adam,Tutorial_2.Models.Studies
Adam,Jankowski39,s4446,2000-02-12,39@pjwstk.edu.pl,Alina,Adam,Tutorial_2.Models.Studies
Kacper,Kowalski40,s4396,2000-02-12,40@pjwstk.edu.pl,Alina,Adam,Tutorial_2.Models.Studies
Kacper,Kowalski40,s4396,2000-02-12,40@pjwstk.edu.pl,Alina,Adam,Tutorial_2.Models.Studies
Paweł,Nowak41,s4902,2000-02-12,41@pjwstk.edu.pl,Alina,Adam,Tutorial_2.Models.Studies
Paweł,Nowak41,s4902,2000-02-12,41@pjwstk.edu.pl,Alina,Adam,Tutorial_2.Models.Studies
Aleksandra,Brzęczyszczykiewicz42,s4434,2000-02-12,42@pjwstk.edu.pl,Alina,Adam,Tutorial_2.Models.Studies
Aleksandra,Brzęczyszczykiewicz42,s4434,2000-02-12,42@pjwstk.edu.pl,Alina,Adam,Tutorial_2.Models.Studies
Katarzyna,Maciejewski43,s4517,2000-02-12,43@pjwstk.edu.pl,Alina,Adam,Tutorial_2.Models.Studies
Grzegorz,Jankowski44,s4705,2000-02-12,44@pjwstk.edu.pl,Alina,Adam,Tutorial_2.Models.Studies
Adrian,Kowalski45,s4661,2000-02-12,45@pjwstk.edu.pl,Alina,Adam,Tutorial_2.Models.Studies
Jan,Nowak46,s4842,2000-02-12,46@pjwstk.edu.pl,Alina,Adam,Tutorial_2.Models.Studies
Jan,Nowak46,s4842,2000-02-12,46@pjwstk.edu.pl,Alina,Adam,Tutorial_2.Models.Studies
Jakub,Brzęczyszczykiewicz47,s4709,2000-02-12,47@pjwstk.edu.pl,Alina,Adam,Tutorial_2.Models.Studies
Iga,Maciejewski48,s4792,2000-02-12,48@pjwstk.edu.pl,Alina,Adam,Tutorial_2.Models.Studies
Jakub,Jankowski49,s4789,2000-02-12,49@pjwstk.edu.pl,Alina,Adam,Tutorial_2.Models.Studies
Jakub,Jankowski49,s4789,2000-02-12,49@pjwstk.edu.pl,Alina,Adam,Tutorial_2.Models.Studies
Maria,Kowalski50,s4708,2000-02-12,50@pjwstk.edu.pl,Alina,Adam,Tutorial_2.Models.Studies
Artur,Nowak51,s4404,2000-02-12,51@pjwstk.edu.pl,Alina,Adam,Tutorial_2.Models.Studies
Sabina,Brzęczyszczykiewicz52,s4513,2000-02-12,52@pjwstk.edu.pl,Alina,Adam,Tutorial_2.Models.Studies
Sabina,Brzęczyszczykiewicz52,s4513,2000-02-12,52@pjwstk.edu.pl,Alina,Adam,Tutorial_2.Models.Studies
Łukasz,Maciejewski53,s4442,2000-02-12,53@pjwstk.edu.pl,Alina,Adam,Tutorial_2.Models.Studies
Marcin,Jankowski54,s4732,2000-02-12,54@pjwstk.edu.pl,Alina,Adam,Tutorial_2.Models.Studies
Rafał,Kowalski55,s4506,2000-02-12,55@pjwstk.edu.pl,Alina,Adam,Tutorial_2.Models.Studies
Jan,Nowak56,s4649,2000-02-12,56@pjwstk.edu.pl,Alina,Adam,Tutorial_2.Models.Studies
Jan,Nowak56,s4649,2000-02-12,56@pjwstk.edu.pl,Alina,Adam,Tutorial_2.Models.Studies
Jakub,Brzęczyszczykiewicz57,s4755,2000-02-12,57@pjwstk.edu.pl,Alina,Adam,Tutorial_2.Models.Studies
Jakub,Brzęczyszczykiewicz57,s4755,2000-02-12,57@pjwstk.edu.pl,Alina,Adam,Tutorial_2.Models.Studies
Julia,Maciejewski58,s4890,2000-02-12,58@pjwstk.edu.pl,Alina,Adam,Tutorial_2.Models.Studies
Karol,Jankowski59,s4594,2000-02-12,59@pjwstk.edu.pl,Alina,Adam,Tutorial_2.Models.Studies
Katarzyna,Nowak61,s4925,2000-02-12,61@pjwstk.edu.pl,Alina,Adam,Tutorial_2.Models.Studies
Marzena,Brzęczyszczykiewicz62,s4748,2000-02-12,62@pjwstk.edu.pl,Alina,Adam,Tutorial_2.Models.Studies
Filip,Maciejewski63,s4720,2000-02-12,63@pjwstk.edu.pl,Alina,Adam,Tutorial_2.Models.Studies
Karolina,Jankowski64,s4423,2000-02-12,64@pjwstk.edu.pl,Alina,Adam,Tutorial_2.Models.Studies
Karolina,Jankowski64,s4423,2000-02-12,64@pjwstk.edu.pl,Alina,Adam,Tutorial_2.Models.Studies
Mateusz,Kowalski65,s4299,2000-02-12,65@pjwstk.edu.pl,Alina,Adam,Tutorial_2.Models.Studies
Magdalena,Nowak66,s4629,2000-02-12,66@pjwstk.edu.pl,Alina,Adam,Tutorial_2.Models.Studies
Magdalena,Nowak66,s4629,2000-02-12,66@pjwstk.edu.pl,Alina,Adam,Tutorial_2.Models.Studies
Igor,Brzęczyszczykiewicz67,s4889,2000-02-12,67@pjwstk.edu.pl,Alina,Adam,Tutorial_2.Models.Studies
Bogumiła,Maciejewski68,s4831,2000-02-12,68@pjwstk.edu.pl,Alina,Adam,Tutorial_2.Models.Studies
Paweł,Jankowski69,s4478,2000-02-12,69@pjwstk.edu.pl,Alina,Adam,Tutorial_2.Models.Studies
Paweł,Jankowski69,s4478,2000-02-12,69@pjwstk.edu.pl,Alina,Adam,Tutorial_2.Models.Studies
Marta,Kowalski70,s4718,2000-02-12,70@pjwstk.edu.pl,Alina,Adam,Tutorial_2.Models.Studies
Kamil,Nowak71,s4741,2000-02-12,71@pjwstk.edu.pl,Alina,Adam,Tutorial_2.Models.Studies
Kamil,Nowak71,s4741,2000-02-12,71@pjwstk.edu.pl,Alina,Adam,Tutorial_2.Models.Studies
Beata,Brzęczyszczykiewicz72,s4444,2000-02-12,72@pjwstk.edu.pl,Alina,Adam,Tutorial_2.Models.Studies
Kacper,Maciejewski73,s4552,2000-02-12,73@pjwstk.edu.pl,Alina,Adam,Tutorial_2.Models.Studies
Gustaw,Jankowski74,s4462,2000-02-12,74@pjwstk.edu.pl,Alina,Adam,Tutorial_2.Models.Studies
Arkadiusz,Kowalski75,s4414,2000-02-12,75@pjwstk.edu.pl,Alina,Adam,Tutorial_2.Models.Studies
Sonia,Nowak76,s4508,2000-02-12,76@pjwstk.edu.pl,Alina,Adam,Tutorial_2.Models.Studies
Sandra,Brzęczyszczykiewicz77,s4800,2000-02-12,77@pjwstk.edu.pl,Alina,Adam,Tutorial_2.Models.Studies
Sandra,Brzęczyszczykiewicz77,s4800,2000-02-12,77@pjwstk.edu.pl,Alina,Adam,Tutorial_2.Models.Studies
Małgorzata,Maciejewski78,s4429,2000-02-12,78@pjwstk.edu.pl,Alina,Adam,Tutorial_2.Models.Studies
Małgorzata,Maciejewski78,s4429,2000-02-12,78@pjwstk.edu.pl,Alina,Adam,Tutorial_2.Models.Studies
Kiyomi,Jankowski79,s4927,2000-02-12,79@pjwstk.edu.pl,Alina,Adam,Tutorial_2.Models.Studies
Konrad,Kowalski80,s4502,2000-02-12,80@pjwstk.edu.pl,Alina,Adam,Tutorial_2.Models.Studies
Tomasz,Nowak81,s4744,2000-02-12,81@pjwstk.edu.pl,Alina,Adam,Tutorial_2.Models.Studies
Maciej,Brzęczyszczykiewicz82,s4477,2000-02-12,82@pjwstk.edu.pl,Alina,Adam,Tutorial_2.Models.Studies
Katarzyna,Maciejewski83,s4736,2000-02-12,83@pjwstk.edu.pl,Alina,Adam,Tutorial_2.Models.Studies
Klaudia,Jankowski84,s4849,2000-02-12,84@pjwstk.edu.pl,Alina,Adam,Tutorial_2.Models.Studies
Klaudia,Jankowski84,s4849,2000-02-12,84@pjwstk.edu.pl,Alina,Adam,Tutorial_2.Models.Studies
Michał,Kowalski85,s4819,2000-02-12,85@pjwstk.edu.pl,Alina,Adam,Tutorial_2.Models.Studies
Sebastian,Nowak86,s4445,2000-02-12,86@pjwstk.edu.pl,Alina,Adam,Tutorial_2.Models.Studies
Kamil,Brzęczyszczykiewicz87,s4707,2000-02-12,87@pjwstk.edu.pl,Alina,Adam,Tutorial_2.Models.Studies
Jagna,Maciejewski88,s4764,2000-02-12,88@pjwstk.edu.pl,Alina,Adam,Tutorial_2.Models.Studies
Izabela,Jankowski89,s4722,2000-02-12,89@pjwstk.edu.pl,Alina,Adam,Tutorial_2.Models.Studies
Mateusz,Kowalski90,s4452,2000-02-12,90@pjwstk.edu.pl,Alina,Adam,Tutorial_2.Models.Studies
Daria,Nowak91,s4545,2000-02-12,91@pjwstk.edu.pl,Alina,Adam,Tutorial_2.Models.Studies
Agnieszka,Brzęczyszczykiewicz92,s4771,2000-02-12,92@pjwstk.edu.pl,Alina,Adam,Tutorial_2.Models.Studies
Iwona,Maciejewski93,s4706,2000-02-12,93@pjwstk.edu.pl,Alina,Adam,Tutorial_2.Models.Studies
Aleksandra,Jankowski94,s4772,2000-02-12,94@pjwstk.edu.pl,Alina,Adam,Tutorial_2.Models.Studies
Tomasz,Kowalski95,s3374,2000-02-12,95@pjwstk.edu.pl,Alina,Adam,Tutorial_2.Models.Studies
Tomasz,Kowalski95,s3374,2000-02-12,95@pjwstk.edu.pl,Alina,Adam,Tutorial_2.Models.Studies
Jolanta,Nowak96,s4756,2000-02-12,96@pjwstk.edu.pl,Alina,Adam,Tutorial_2.Models.Studies
Aleksandra,Brzęczyszczykiewicz97,s4457,2000-02-12,97@pjwstk.edu.pl,Alina,Adam,Tutorial_2.Models.Studies
Paweł,Brzęczyszczykiewicz252,s4412,2000-02-12,252@pjwstk.edu.pl,Alina,Adam,Tutorial_2.Models.Studies
Paweł,Brzęczyszczykiewicz252,s4412,2000-02-12,252@pjwstk.edu.pl,Alina,Adam,Tutorial_2.Models.Studies
Dariusz,Maciejewski253,s4525,2000-02-12,253@pjwstk.edu.pl,Alina,Adam,Tutorial_2.Models.Studies
Kamil,Jankowski254,s4836,2000-02-12,254@pjwstk.edu.pl,Alina,Adam,Tutorial_2.Models.Studies
Kamil,Jankowski254,s4836,2000-02-12,254@pjwstk.edu.pl,Alina,Adam,Tutorial_2.Models.Studies
Łukasz,Kowalski255,s4788,2000-02-12,255@pjwstk.edu.pl,Alina,Adam,Tutorial_2.Models.Studies
Tomasz,Nowak256,s4474,2000-02-12,256@pjwstk.edu.pl,Alina,Adam,Tutorial_2.Models.Studies
Michał,Brzęczyszczykiewicz257,s4454,2000-02-12,257@pjwstk.edu.pl,Alina,Adam,Tutorial_2.Models.Studies
Michał,Brzęczyszczykiewicz257,s4454,2000-02-12,257@pjwstk.edu.pl,Alina,Adam,Tutorial_2.Models.Studies
Patryk,Maciejewski258,s4443,2000-02-12,258@pjwstk.edu.pl,Alina,Adam,Tutorial_2.Models.Studies
Patryk,Maciejewski258,s4443,2000-02-12,258@pjwstk.edu.pl,Alina,Adam,Tutorial_2.Models.Studies
Bhagirath,Jankowski259,s4851,2000-02-12,259@pjwstk.edu.pl,Alina,Adam,Tutorial_2.Models.Studies
Michał,Kowalski260,s4579,2000-02-12,260@pjwstk.edu.pl,Alina,Adam,Tutorial_2.Models.Studies
Michał,Kowalski260,s4579,2000-02-12,260@pjwstk.edu.pl,Alina,Adam,Tutorial_2.Models.Studies
Marek,Nowak261,s4461,2000-02-12,261@pjwstk.edu.pl,Alina,Adam,Tutorial_2.Models.Studies
Przemysław,Brzęczyszczykiewicz262,s4747,2000-02-12,262@pjwstk.edu.pl,Alina,Adam,Tutorial_2.Models.Studies
Marcin,Maciejewski263,s4762,2000-02-12,263@pjwstk.edu.pl,Alina,Adam,Tutorial_2.Models.Studies
Zuzanna,Jankowski264,s4413,2000-02-12,264@pjwstk.edu.pl,Alina,Adam,Tutorial_2.Models.Studies
Zuzanna,Jankowski264,s4413,2000-02-12,264@pjwstk.edu.pl,Alina,Adam,Tutorial_2.Models.Studies
Michał,Kowalski265,s4490,2000-02-12,265@pjwstk.edu.pl,Alina,Adam,Tutorial_2.Models.Studies
Wojciech,Nowak266,s4554,2000-02-12,266@pjwstk.edu.pl,Alina,Adam,Tutorial_2.Models.Studies
Wojciech,Nowak266,s4554,2000-02-12,266@pjwstk.edu.pl,Alina,Adam,Tutorial_2.Models.Studies
Enkh-Amgalan,Brzęczyszczykiewicz267,s4340,2000-02-12,267@pjwstk.edu.pl,Alina,Adam,Tutorial_2.Models.Studies
Adrian,Maciejewski268,s4586,2000-02-12,268@pjwstk.edu.pl,Alina,Adam,Tutorial_2.Models.Studies
Bartosz,Jankowski269,s4798,2000-02-12,269@pjwstk.edu.pl,Alina,Adam,Tutorial_2.Models.Studies
Jakub,Kowalski270,s4711,2000-02-12,270@pjwstk.edu.pl,Alina,Adam,Tutorial_2.Models.Studies
Jakub,Kowalski270,s4711,2000-02-12,270@pjwstk.edu.pl,Alina,Adam,Tutorial_2.Models.Studies
Jakub,Kowalski270,s4711,2000-02-12,270@pjwstk.edu.pl,Alina,Adam,Tutorial_2.Models.Studies
Sebastian,Nowak271,s4056,2000-02-12,271@pjwstk.edu.pl,Alina,Adam,Tutorial_2.Models.Studies
Aleksandra,Brzęczyszczykiewicz272,s4549,2000-02-12,272@pjwstk.edu.pl,Alina,Adam,Tutorial_2.Models.Studies
Aleksandra,Brzęczyszczykiewicz272,s4549,2000-02-12,272@pjwstk.edu.pl,Alina,Adam,Tutorial_2.Models.Studies
Aleksandra,Brzęczyszczykiewicz272,s4549,2000-02-12,272@pjwstk.edu.pl,Alina,Adam,Tutorial_2.Models.Studies
Piotr,Maciejewski273,s4618,2000-02-12,273@pjwstk.edu.pl,Alina,Adam,Tutorial_2.Models.Studies
Piotr,Maciejewski273,s4618,2000-02-12,273@pjwstk.edu.pl,Alina,Adam,Tutorial_2.Models.Studies
Adrian,Jankowski274,s4530,2000-02-12,274@pjwstk.edu.pl,Alina,Adam,Tutorial_2.Models.Studies
Adrian,Jankowski274,s4530,2000-02-12,274@pjwstk.edu.pl,Alina,Adam,Tutorial_2.Models.Studies
Andrzej,Kowalski275,s4607,2000-02-12,275@pjwstk.edu.pl,Alina,Adam,Tutorial_2.Models.Studies
Andrzej,Kowalski275,s4607,2000-02-12,275@pjwstk.edu.pl,Alina,Adam,Tutorial_2.Models.Studies
Wojciech,Nowak276,s4459,2000-02-12,276@pjwstk.edu.pl,Alina,Adam,Tutorial_2.Models.Studies
Wojciech,Nowak276,s4459,2000-02-12,276@pjwstk.edu.pl,Alina,Adam,Tutorial_2.Models.Studies
Monika,Brzęczyszczykiewicz277,s4501,2000-02-12,277@pjwstk.edu.pl,Alina,Adam,Tutorial_2.Models.Studies
Jan,Maciejewski278,s4858,2000-02-12,278@pjwstk.edu.pl,Alina,Adam,Tutorial_2.Models.Studies
Paweł,Jankowski279,s4578,2000-02-12,279@pjwstk.edu.pl,Alina,Adam,Tutorial_2.Models.Studies
Bartosz,Kowalski280,s4555,2000-02-12,280@pjwstk.edu.pl,Alina,Adam,Tutorial_2.Models.Studies
Agata,Nowak281,s4589,2000-02-12,281@pjwstk.edu.pl,Alina,Adam,Tutorial_2.Models.Studies
Agata,Nowak281,s4589,2000-02-12,281@pjwstk.edu.pl,Alina,Adam,Tutorial_2.Models.Studies
Agata,Nowak281,s4589,2000-02-12,281@pjwstk.edu.pl,Alina,Adam,Tutorial_2.Models.Studies
Matthew,Brzęczyszczykiewicz282,s4945,2000-02-12,282@pjwstk.edu.pl,Alina,Adam,Tutorial_2.Models.Studies
Piotr,Maciejewski283,s4556,2000-02-12,283@pjwstk.edu.pl,Alina,Adam,Tutorial_2.Models.Studies
Piotr,Maciejewski283,s4556,2000-02-12,283@pjwstk.edu.pl,Alina,Adam,Tutorial_2.Models.Studies
Grzegorz,Jankowski284,s4504,2000-02-12,284@pjwstk.edu.pl,Alina,Adam,Tutorial_2.Models.Studies
Grzegorz,Jankowski284,s4504,2000-02-12,284@pjwstk.edu.pl,Alina,Adam,Tutorial_2.Models.Studies
Sebastian,Kowalski285,s4505,2000-02-12,285@pjwstk.edu.pl,Alina,Adam,Tutorial_2.Models.Studies
Sebastian,Kowalski285,s4505,2000-02-12,285@pjwstk.edu.pl,Alina,Adam,Tutorial_2.Models.Studies
Filip,Nowak286,s4105,2000-02-12,286@pjwstk.edu.pl,Alina,Adam,Tutorial_2.Models.Studies
Filip,Nowak286,s4105,2000-02-12,286@pjwstk.edu.pl,Alina,Adam,Tutorial_2.Models.Studies
Filip,Nowak286,s4105,2000-02-12,286@pjwstk.edu.pl,Alina,Adam,Tutorial_2.Models.Studies
Jakub,Brzęczyszczykiewicz287,s4487,2000-02-12,287@pjwstk.edu.pl,Alina,Adam,Tutorial_2.Models.Studies
Artur,Maciejewski288,s4498,2000-02-12,288@pjwstk.edu.pl,Alina,Adam,Tutorial_2.Models.Studies
Artur,Maciejewski288,s4498,2000-02-12,288@pjwstk.edu.pl,Alina,Adam,Tutorial_2.Models.Studies
Piotr,Jankowski289,s4471,2000-02-12,289@pjwstk.edu.pl,Alina,Adam,Tutorial_2.Models.Studies
Piotr,Jankowski289,s4471,2000-02-12,289@pjwstk.edu.pl,Alina,Adam,Tutorial_2.Models.Studies
Piotr,Jankowski289,s4471,2000-02-12,289@pjwstk.edu.pl,Alina,Adam,Tutorial_2.Models.Studies
Małgorzata,Kowalski290,s4855,2000-02-12,290@pjwstk.edu.pl,Alina,Adam,Tutorial_2.Models.Studies
Arkadiusz,Nowak291,s4752,2000-02-12,291@pjwstk.edu.pl,Alina,Adam,Tutorial_2.Models.Studies
Jakub,Brzęczyszczykiewicz292,s4770,2000-02-12,292@pjwstk.edu.pl,Alina,Adam,Tutorial_2.Models.Studies
Adam,Maciejewski293,s4476,2000-02-12,293@pjwstk.edu.pl,Alina,Adam,Tutorial_2.Models.Studies
Tomasz,Jankowski294,s4724,2000-02-12,294@pjwstk.edu.pl,Alina,Adam,Tutorial_2.Models.Studies
Tomasz,Jankowski294,s4724,2000-02-12,294@pjwstk.edu.pl,Alina,Adam,Tutorial_2.Models.Studies
Piotr,Kowalski295,s4754,2000-02-12,295@pjwstk.edu.pl,Alina,Adam,Tutorial_2.Models.Studies
Michał,Nowak296,s4769,2000-02-12,296@pjwstk.edu.pl,Alina,Adam,Tutorial_2.Models.Studies
Michał,Nowak296,s4769,2000-02-12,296@pjwstk.edu.pl,Alina,Adam,Tutorial_2.Models.Studies
Maciej,Brzęczyszczykiewicz297,s4499,2000-02-12,297@pjwstk.edu.pl,Alina,Adam,Tutorial_2.Models.Studies
Jakub,Maciejewski298,s4733,2000-02-12,298@pjwstk.edu.pl,Alina,Adam,Tutorial_2.Models.Studies
Jakub,Maciejewski298,s4733,2000-02-12,298@pjwstk.edu.pl,Alina,Adam,Tutorial_2.Models.Studies
Kasper,Jankowski299,s4584,2000-02-12,299@pjwstk.edu.pl,Alina,Adam,Tutorial_2.Models.Studies
Kasper,Jankowski299,s4584,2000-02-12,299@pjwstk.edu.pl,Alina,Adam,Tutorial_2.Models.Studies
Krzysztof,Kowalski300,s4514,2000-02-12,300@pjwstk.edu.pl,Alina,Adam,Tutorial_2.Models.Studies
Krzysztof,Kowalski300,s4514,2000-02-12,300@pjwstk.edu.pl,Alina,Adam,Tutorial_2.Models.Studies
Michał,Nowak301,s4448,2000-02-12,301@pjwstk.edu.pl,Alina,Adam,Tutorial_2.Models.Studies
Paweł,Brzęczyszczykiewicz302,s4664,2000-02-12,302@pjwstk.edu.pl,Alina,Adam,Tutorial_2.Models.Studies
Katarzyna,Maciejewski303,s4935,2000-02-12,303@pjwstk.edu.pl,Alina,Adam,Tutorial_2.Models.Studies
Katarzyna,Maciejewski303,s4935,2000-02-12,303@pjwstk.edu.pl,Alina,Adam,Tutorial_2.Models.Studies
Konrad,Jankowski304,s4485,2000-02-12,304@pjwstk.edu.pl,Alina,Adam,Tutorial_2.Models.Studies
Piotr,Kowalski305,s4456,2000-02-12,305@pjwstk.edu.pl,Alina,Adam,Tutorial_2.Models.Studies
Piotr,Kowalski305,s4456,2000-02-12,305@pjwstk.edu.pl,Alina,Adam,Tutorial_2.Models.Studies
Jan,Nowak306,s4107,2000-02-12,306@pjwstk.edu.pl,Alina,Adam,Tutorial_2.Models.Studies
Jan,Nowak306,s4107,2000-02-12,306@pjwstk.edu.pl,Alina,Adam,Tutorial_2.Models.Studies
Jan,Nowak306,s4107,2000-02-12,306@pjwstk.edu.pl,Alina,Adam,Tutorial_2.Models.Studies
Jan,Nowak306,s4107,2000-02-12,306@pjwstk.edu.pl,Alina,Adam,Tutorial_2.Models.Studies
Radosław,Brzęczyszczykiewicz307,s4482,2000-02-12,307@pjwstk.edu.pl,Alina,Adam,Tutorial_2.Models.Studies
Kacper,Maciejewski308,s4817,2000-02-12,308@pjwstk.edu.pl,Alina,Adam,Tutorial_2.Models.Studies
Kacper,Maciejewski308,s4817,2000-02-12,308@pjwstk.edu.pl,Alina,Adam,Tutorial_2.Models.Studies
Tomasz,Jankowski309,s4765,2000-02-12,309@pjwstk.edu.pl,Alina,Adam,Tutorial_2.Models.Studies
Lech,Kowalski310,s4387,2000-02-12,310@pjwstk.edu.pl,Alina,Adam,Tutorial_2.Models.Studies
Lech,Kowalski310,s4387,2000-02-12,310@pjwstk.edu.pl,Alina,Adam,Tutorial_2.Models.Studies
Błażej,Nowak311,s4509,2000-02-12,311@pjwstk.edu.pl,Alina,Adam,Tutorial_2.Models.Studies
Błażej,Nowak311,s4509,2000-02-12,311@pjwstk.edu.pl,Alina,Adam,Tutorial_2.Models.Studies
Karol,Brzęczyszczykiewicz312,s4609,2000-02-12,312@pjwstk.edu.pl,Alina,Adam,Tutorial_2.Models.Studies
Paweł,Maciejewski313,s4481,2000-02-12,313@pjwstk.edu.pl,Alina,Adam,Tutorial_2.Models.Studies
Paweł,Maciejewski313,s4481,2000-02-12,313@pjwstk.edu.pl,Alina,Adam,Tutorial_2.Models.Studies
Wojciech,Jankowski314,s4512,2000-02-12,314@pjwstk.edu.pl,Alina,Adam,Tutorial_2.Models.Studies
Wojciech,Jankowski314,s4512,2000-02-12,314@pjwstk.edu.pl,Alina,Adam,Tutorial_2.Models.Studies
Maciej,Kowalski315,s4782,2000-02-12,315@pjwstk.edu.pl,Alina,Adam,Tutorial_2.Models.Studies
Maciej,Kowalski315,s4782,2000-02-12,315@pjwstk.edu.pl,Alina,Adam,Tutorial_2.Models.Studies
Michał,Nowak316,s4492,2000-02-12,316@pjwstk.edu.pl,Alina,Adam,Tutorial_2.Models.Studies
Piotr,Brzęczyszczykiewicz317,s4531,2000-02-12,317@pjwstk.edu.pl,Alina,Adam,Tutorial_2.Models.Studies
Marcin,Maciejewski318,s4406,2000-02-12,318@pjwstk.edu.pl,Alina,Adam,Tutorial_2.Models.Studies
Krzysztof,Jankowski319,s4394,2000-02-12,319@pjwstk.edu.pl,Alina,Adam,Tutorial_2.Models.Studies
Michał,Kowalski320,s4627,2000-02-12,320@pjwstk.edu.pl,Alina,Adam,Tutorial_2.Models.Studies
Michał,Kowalski320,s4627,2000-02-12,320@pjwstk.edu.pl,Alina,Adam,Tutorial_2.Models.Studies
Krzysztof,Nowak321,s4830,2000-02-12,321@pjwstk.edu.pl,Alina,Adam,Tutorial_2.Models.Studies
Krzysztof,Nowak321,s4830,2000-02-12,321@pjwstk.edu.pl,Alina,Adam,Tutorial_2.Models.Studies
Adrian,Brzęczyszczykiewicz322,s4486,2000-02-12,322@pjwstk.edu.pl,Alina,Adam,Tutorial_2.Models.Studies
Mariusz,Maciejewski323,s4447,2000-02-12,323@pjwstk.edu.pl,Alina,Adam,Tutorial_2.Models.Studies
Mariusz,Maciejewski323,s4447,2000-02-12,323@pjwstk.edu.pl,Alina,Adam,Tutorial_2.Models.Studies
Bartosz,Jankowski324,s4580,2000-02-12,324@pjwstk.edu.pl,Alina,Adam,Tutorial_2.Models.Studies
Bartosz,Jankowski324,s4580,2000-02-12,324@pjwstk.edu.pl,Alina,Adam,Tutorial_2.Models.Studies
Piotr,Kowalski325,s4284,2000-02-12,325@pjwstk.edu.pl,Alina,Adam,Tutorial_2.Models.Studies
Piotr,Kowalski325,s4284,2000-02-12,325@pjwstk.edu.pl,Alina,Adam,Tutorial_2.Models.Studies
Michał,Nowak326,s4440,2000-02-12,326@pjwstk.edu.pl,Alina,Adam,Tutorial_2.Models.Studies
Michał,Nowak326,s4440,2000-02-12,326@pjwstk.edu.pl,Alina,Adam,Tutorial_2.Models.Studies
Aleksander,Brzęczyszczykiewicz327,s4410,2000-02-12,327@pjwstk.edu.pl,Alina,Adam,Tutorial_2.Models.Studies
Andrzej,Maciejewski328,s4615,2000-02-12,328@pjwstk.edu.pl,Alina,Adam,Tutorial_2.Models.Studies
Paweł,Jankowski329,s4796,2000-02-12,329@pjwstk.edu.pl,Alina,Adam,Tutorial_2.Models.Studies
Paweł,Jankowski329,s4796,2000-02-12,329@pjwstk.edu.pl,Alina,Adam,Tutorial_2.Models.Studies
Paweł,Kowalski330,s4458,2000-02-12,330@pjwstk.edu.pl,Alina,Adam,Tutorial_2.Models.Studies
Nakul,Brzęczyszczykiewicz332,s4942,2000-02-12,332@pjwstk.edu.pl,Alina,Adam,Tutorial_2.Models.Studies
Nakul,Brzęczyszczykiewicz332,s4942,2000-02-12,332@pjwstk.edu.pl,Alina,Adam,Tutorial_2.Models.Studies
Tomoto,Maciejewski333,s4614,2000-02-12,333@pjwstk.edu.pl,Alina,Adam,Tutorial_2.Models.Studies
Tomoto,Maciejewski333,s4614,2000-02-12,333@pjwstk.edu.pl,Alina,Adam,Tutorial_2.Models.Studies
Krzysztof,Jankowski334,s4822,2000-02-12,334@pjwstk.edu.pl,Alina,Adam,Tutorial_2.Models.Studies
Adam,Kowalski335,s4433,2000-02-12,335@pjwstk.edu.pl,Alina,Adam,Tutorial_2.Models.Studies
Adam,Kowalski335,s4433,2000-02-12,335@pjwstk.edu.pl,Alina,Adam,Tutorial_2.Models.Studies
Jan,Nowak336,s4557,2000-02-12,336@pjwstk.edu.pl,Alina,Adam,Tutorial_2.Models.Studies
Gabriel,Brzęczyszczykiewicz337,s4599,2000-02-12,337@pjwstk.edu.pl,Alina,Adam,Tutorial_2.Models.Studies
Michał,Maciejewski338,s4419,2000-02-12,338@pjwstk.edu.pl,Alina,Adam,Tutorial_2.Models.Studies
Michał,Maciejewski338,s4419,2000-02-12,338@pjwstk.edu.pl,Alina,Adam,Tutorial_2.Models.Studies
Michał,Maciejewski338,s4419,2000-02-12,338@pjwstk.edu.pl,Alina,Adam,Tutorial_2.Models.Studies
Michał,Jankowski339,s4828,2000-02-12,339@pjwstk.edu.pl,Alina,Adam,Tutorial_2.Models.Studies
Kacper,Kowalski340,s4460,2000-02-12,340@pjwstk.edu.pl,Alina,Adam,Tutorial_2.Models.Studies
Adrian,Nowak341,s4058,2000-02-12,341@pjwstk.edu.pl,Alina,Adam,Tutorial_2.Models.Studies
Adrian,Nowak341,s4058,2000-02-12,341@pjwstk.edu.pl,Alina,Adam,Tutorial_2.Models.Studies
Michał,Brzęczyszczykiewicz342,s4524,2000-02-12,342@pjwstk.edu.pl,Alina,Adam,Tutorial_2.Models.Studies
Michał,Brzęczyszczykiewicz342,s4524,2000-02-12,342@pjwstk.edu.pl,Alina,Adam,Tutorial_2.Models.Studies
Katarzyna,Maciejewski343,s4588,2000-02-12,343@pjwstk.edu.pl,Alina,Adam,Tutorial_2.Models.Studies
Piotr,Jankowski344,s4743,2000-02-12,344@pjwstk.edu.pl,Alina,Adam,Tutorial_2.Models.Studies
Karol,Kowalski345,s4721,2000-02-12,345@pjwstk.edu.pl,Alina,Adam,Tutorial_2.Models.Studies
Radosław,Nowak346,s4544,2000-02-12,346@pjwstk.edu.pl,Alina,Adam,Tutorial_2.Models.Studies
Marco,Brzęczyszczykiewicz347,s4426,2000-02-12,347@pjwstk.edu.pl,Alina,Adam,Tutorial_2.Models.Studies
Jagoda,Maciejewski348,s4532,2000-02-12,348@pjwstk.edu.pl,Alina,Adam,Tutorial_2.Models.Studies
Jagoda,Maciejewski348,s4532,2000-02-12,348@pjwstk.edu.pl,Alina,Adam,Tutorial_2.Models.Studies
Tomasz,Jankowski349,s4480,2000-02-12,349@pjwstk.edu.pl,Alina,Adam,Tutorial_2.Models.Studies
Tomasz,Jankowski349,s4480,2000-02-12,349@pjwstk.edu.pl,Alina,Adam,Tutorial_2.Models.Studies
Przemysław,Kowalski350,s4441,2000-02-12,350@pjwstk.edu.pl,Alina,Adam,Tutorial_2.Models.Studies
Michał,Nowak351,s4523,2000-02-12,351@pjwstk.edu.pl,Alina,Adam,Tutorial_2.Models.Studies
Michał,Nowak351,s4523,2000-02-12,351@pjwstk.edu.pl,Alina,Adam,Tutorial_2.Models.Studies
Bartosz,Brzęczyszczykiewicz352,s4766,2000-02-12,352@pjwstk.edu.pl,Alina,Adam,Tutorial_2.Models.Studies
Bartosz,Brzęczyszczykiewicz352,s4766,2000-02-12,352@pjwstk.edu.pl,Alina,Adam,Tutorial_2.Models.Studies
Achut,Maciejewski353,s4941,2000-02-12,353@pjwstk.edu.pl,Alina,Adam,Tutorial_2.Models.Studies
Aleksander,Jankowski354,s4647,2000-02-12,354@pjwstk.edu.pl,Alina,Adam,Tutorial_2.Models.Studies
Jan,Kowalski355,s4500,2000-02-12,355@pjwstk.edu.pl,Alina,Adam,Tutorial_2.Models.Studies
Yuriy,Nowak356,s4422,2000-02-12,356@pjwstk.edu.pl,Alina,Adam,Tutorial_2.Models.Studies
Yuriy,Nowak356,s4422,2000-02-12,356@pjwstk.edu.pl,Alina,Adam,Tutorial_2.Models.Studies
Michał,Brzęczyszczykiewicz357,s4660,2000-02-12,357@pjwstk.edu.pl,Alina,Adam,Tutorial_2.Models.Studies
Michał,Brzęczyszczykiewicz357,s4660,2000-02-12,357@pjwstk.edu.pl,Alina,Adam,Tutorial_2.Models.Studies
Michał,Maciejewski358,s4521,2000-02-12,358@pjwstk.edu.pl,Alina,Adam,Tutorial_2.Models.Studies
Piotr,Jankowski359,s4585,2000-02-12,359@pjwstk.edu.pl,Alina,Adam,Tutorial_2.Models.Studies
Mikołaj,Kowalski360,s3081,2000-02-12,360@pjwstk.edu.pl,Alina,Adam,Tutorial_2.Models.Studies
Mikołaj,Kowalski360,s3081,2000-02-12,360@pjwstk.edu.pl,Alina,Adam,Tutorial_2.Models.Studies
Mikołaj,Kowalski360,s3081,2000-02-12,360@pjwstk.edu.pl,Alina,Adam,Tutorial_2.Models.Studies
Dariusz,Nowak361,s4710,2000-02-12,361@pjwstk.edu.pl,Alina,Adam,Tutorial_2.Models.Studies
Anna,Brzęczyszczykiewicz362,s4385,2000-02-12,362@pjwstk.edu.pl,Alina,Adam,Tutorial_2.Models.Studies
Anna,Brzęczyszczykiewicz362,s4385,2000-02-12,362@pjwstk.edu.pl,Alina,Adam,Tutorial_2.Models.Studies
Piotr,Maciejewski363,s4529,2000-02-12,363@pjwstk.edu.pl,Alina,Adam,Tutorial_2.Models.Studies
Michał,Jankowski364,s4522,2000-02-12,364@pjwstk.edu.pl,Alina,Adam,Tutorial_2.Models.Studies
Michał,Jankowski364,s4522,2000-02-12,364@pjwstk.edu.pl,Alina,Adam,Tutorial_2.Models.Studies
Dawid,Kowalski365,s4827,2000-02-12,365@pjwstk.edu.pl,Alina,Adam,Tutorial_2.Models.Studies
Karol,Nowak366,s4518,2000-02-12,366@pjwstk.edu.pl,Alina,Adam,Tutorial_2.Models.Studies
Karol,Nowak366,s4518,2000-02-12,366@pjwstk.edu.pl,Alina,Adam,Tutorial_2.Models.Studies
Adrian,Brzęczyszczykiewicz367,s4384,2000-02-12,367@pjwstk.edu.pl,Alina,Adam,Tutorial_2.Models.Studies
Adrian,Brzęczyszczykiewicz367,s4384,2000-02-12,367@pjwstk.edu.pl,Alina,Adam,Tutorial_2.Models.Studies
Adrian,Brzęczyszczykiewicz367,s4384,2000-02-12,367@pjwstk.edu.pl,Alina,Adam,Tutorial_2.Models.Studies
Łukasz,Maciejewski368,s4496,2000-02-12,368@pjwstk.edu.pl,Alina,Adam,Tutorial_2.Models.Studies
Łukasz,Maciejewski368,s4496,2000-02-12,368@pjwstk.edu.pl,Alina,Adam,Tutorial_2.Models.Studies
Adam,Jankowski369,s4750,2000-02-12,369@pjwstk.edu.pl,Alina,Adam,Tutorial_2.Models.Studies
Adam,Jankowski369,s4750,2000-02-12,369@pjwstk.edu.pl,Alina,Adam,Tutorial_2.Models.Studies
Adam,Jankowski369,s4750,2000-02-12,369@pjwstk.edu.pl,Alina,Adam,Tutorial_2.Models.Studies
Arkadiusz,Kowalski370,s4111,2000-02-12,370@pjwstk.edu.pl,Alina,Adam,Tutorial_2.Models.Studies
Jakub,Nowak371,s4484,2000-02-12,371@pjwstk.edu.pl,Alina,Adam,Tutorial_2.Models.Studies
Michał,Brzęczyszczykiewicz372,s4483,2000-02-12,372@pjwstk.edu.pl,Alina,Adam,Tutorial_2.Models.Studies
Michał,Brzęczyszczykiewicz372,s4483,2000-02-12,372@pjwstk.edu.pl,Alina,Adam,Tutorial_2.Models.Studies
Tomasz,Maciejewski373,s4751,2000-02-12,373@pjwstk.edu.pl,Alina,Adam,Tutorial_2.Models.Studies
Tomasz,Maciejewski373,s4751,2000-02-12,373@pjwstk.edu.pl,Alina,Adam,Tutorial_2.Models.Studies
Tomasz,Maciejewski373,s4751,2000-02-12,373@pjwstk.edu.pl,Alina,Adam,Tutorial_2.Models.Studies
Radosław,Jankowski374,s4528,2000-02-12,374@pjwstk.edu.pl,Alina,Adam,Tutorial_2.Models.Studies
Radosław,Jankowski374,s4528,2000-02-12,374@pjwstk.edu.pl,Alina,Adam,Tutorial_2.Models.Studies
Paweł,Kowalski375,s4533,2000-02-12,375@pjwstk.edu.pl,Alina,Adam,Tutorial_2.Models.Studies
Przemysław,Nowak376,s4814,2000-02-12,376@pjwstk.edu.pl,Alina,Adam,Tutorial_2.Models.Studies
Przemysław,Nowak376,s4814,2000-02-12,376@pjwstk.edu.pl,Alina,Adam,Tutorial_2.Models.Studies
Adam,Brzęczyszczykiewicz377,s4753,2000-02-12,377@pjwstk.edu.pl,Alina,Adam,Tutorial_2.Models.Studies
Dawid,Maciejewski378,s4520,2000-02-12,378@pjwstk.edu.pl,Alina,Adam,Tutorial_2.Models.Studies
Adrian,Jankowski379,s4837,2000-02-12,379@pjwstk.edu.pl,Alina,Adam,Tutorial_2.Models.Studies
Sławomir,Kowalski380,s4611,2000-02-12,380@pjwstk.edu.pl,Alina,Adam,Tutorial_2.Models.Studies
Rafał,Nowak381,s4616,2000-02-12,381@pjwstk.edu.pl,Alina,Adam,Tutorial_2.Models.Studies
Rafał,Nowak381,s4616,2000-02-12,381@pjwstk.edu.pl,Alina,Adam,Tutorial_2.Models.Studies
Agnieszka,Brzęczyszczykiewicz382,s4603,2000-02-12,382@pjwstk.edu.pl,Alina,Adam,Tutorial_2.Models.Studies
